Amounts,Probability,Delay,Indifference
1000,1,6,892.384106
1000,1,12,824.5033113
1000,1,60,685.4304636
